,0
wine,14793
aroma,9735
flavor,9141
palat,7949
fruit,7733
ripe,5078
acid,4422
note,4229
nose,4129
tannin,4022
fresh,3689
offer,3284
rich,3209
light,2956
red,2927
textur,2878
cherri,2663
black,2619
show,2545
dri,2428
plum,2140
blackberri,2103
spice,2102
juici,2085
bright,2009
drink,1944
structur,1806
hint,1798
blend,1775
concentr,1645
fruiti,1632
balanc,1631
give,1614
berri,1579
soft,1458
fullbodi,1431
finish,1381
white,1370
crisp,1365
raspberri,1364
citrus,1364
black_cherri,1331
pear,1305
touch,1232
appl,1189
savori,1183
dark,1175
nose_bottl,1172
full,1142
lemon,1141
vanilla,1097
open,1090
lead,1082
peach,1037
dens,1016
well,995
come,965
oak,960
strawberri,918
veri,911
smooth,898
age,888
readi_drink,881
perfum,858
make,855
violet,846
spici,835
follow,829
herb,820
fine,813
licoric,811
generous,794
intens,794
miner,792
sweet,792
round,786
good,776
layer,758
vineyard,752
tart,733
tangi,712
complex,710
earthi,691
also,680
along,679
subtl,676
creami,676
charact,673
floral,669
firm,663
eleg,648
bottl,645
live,643
power,638
syrah,634
cedar,612
vibrant,609
grape,608
mediumbodi,608
accent,605
edg,602
glass,593
made,587
matur,572
bring,571
meet,565
attract,565
feel,560
pepper,556
lime,555
core,553
flower,546
leather,546
tobacco,546
alongsid,538
smoki,530
nice,526
cranberri,522
plenti,515
slight,512
still,510
produc,509
apricot,508
clove,504
blueberri,500
mix,498
tight,495
candi,491
lift,488
bake_spice,487
deliv,486
combin,468
add,466
full_bodi,463
style,461
black_currant,461
bold,460
delici,459
solid,457
chardonnay,452
herbal,451
back,450
color,447
melon,446
aromat,445
gentl,443
delic,442
express,441
great,439
honey,437
frame,436
star_anis,436
like,435
chocol,433
grapefruit,429
yet,426
bake,425
cassi,423
wood,420
refresh,414
tone,412
young,409
pineappl,408
smoke,406
bit,403
dark_chocol,398
pack,396
mouthfeel,395
cabernet_sauvignon,395
warm,393
merlot,393
zesti,387
love,386
domin,384
impress,381
focus,381
black_pepper,379
green_appl,378
clean,375
toast,367
start,366
white_pepper,366
sip,366
red_berri,365
malbec,359
green,356
suggest,355
drink_2024,354
support,354
quit,349
wood_age,345
cinnamon,345
almost,342
deep,340
white_peach,340
viognier,339
beauti,337
roast,337
mocha,337
firm_tannin,335
polish,334
soften,330
pinot_noir,330
tropic,326
caramel,324
carri,323
dri_herb,322
bouquet,320
camphor,320
scent,319
whiff,318
riesl,317
mint,316
pomegran,308
estat,306
tast,297
befor,296
rather,295
strong,295
orang,294
rosã©,293
boysenberri,293
pleasant,289
honeysuckl,288
thyme,286
vivid,284
featur,283
element,282
set,281
join,278
toast_oak,278
one,276
sage,274
wellbalanc,273
grass,273
rose_petal,273
fill,272
drink_2023,272
big,271
forest_floor,271
crush,270
lavend,270
palat_featur,268
plush,262
vintag,262
linear,261
orang_zest,260
tannic,258
easi,256
weight,254
includ,254
cabernet_franc,253
enjoy,252
yellow_appl,251
aftertast,250
new_leather,249
silki,248
invit,246
highlight,246
mourvã¨dr,246
thick,245
earth,244
present,243
brisk,243
grenach,242
simpl,240
smooth_textur,238
coffe,238
mild,238
toasti,237
yeast,237
sauvignon_blanc,237
cut,236
plump,235
end,233
mingl,232
grip,232
load,230
jammi,230
recal,229
underbrush,229
drink_2025,228
lot,228
take,227
darkskin,227
still_young,225
pepperi,225
broad,224
wrap,224
region,222
depth,222
blackcherri,222
rose,222
varieti,222
promis,220
appeal,220
time,220
peppercorn,220
fleshi,219
lemon_zest,219
dark_plum,218
eucalyptus,218
first,218
prune,218
espresso,217
nectarin,216
valley,216
pure,212
potenti,211
moder,211
classic,210
salti,210
finegrain_tannin,210
fragrant,209
densiti,208
french_oak,208
yellow,207
organ,206
yeasti,206
barrel,204
stone_fruit,204
mouth,203
graphit,203
oaki,202
provid,201
readi,200
littl,200
seem,200
dusti,199
tangerin,199
blackberri_jam,199
name,198
taut,198
lush,198
suppl,197
bake_plum,197
play,196
black_oliv,196
almond,195
scorch_earth,195
coconut,194
go,193
vine,192
wet_stone,192
red_currant,191
pinot_gris,191
new,190
salin,190
oak_spice,189
woodag,188
guava,187
firm_structur,186
nutmeg,186
high,185
medium,185
sens,185
skin,185
char,185
youth,184
enough,183
alreadi,182
lend,182
year,180
reveal,180
moder_tannin,180
lean,179
bubbl,179
leav,178
begin,178
form_nose,178
cream,178
forward,177
mellow,177
headi,177
blossom,176
blend_grenach,176
anis,175
tar,175
bitter,174
straightforward,174
cocoa,174
burst,173
sour_cherri,173
develop,172
wild,172
butter,172
accompani,171
green_pear,171
white_flower,170
ampl,169
milk_chocol,169
nuanc,167
preserv,167
approach,167
intrigu,167
coffe_bean,167
pop,164
blue_flower,164
mango,162
soil,161
blackcurr,161
eleg_structur,161
pretti,161
emerg_glass,161
appel,160
integr,160
sparkl,160
linger,160
mouthfil,159
fig,157
blackfruit_flavor,157
contrast,156
best,156
ginger,156
jasmin,156
shine,155
menthol,155
top,154
redfruit,154
lightbodi,154
lemoni,154
variet,153
blackplum,152
kick,152
2024,151
succul,151
keep,151
opul,151
display,151
ad,151
find,151
raci,151
meyer_lemon,150
cola,150
shi_nose,149
hazelnut,148
notion,148
ferment,147
side,147
complement,147
well_balanc,146
even,146
wineri,146
robust,146
subdu,145
appl_pear,145
alcohol,144
herbac,144
qualiti,143
lemon_lime,143
roast_coffe,143
pleas,142
entic,142
boast,142
streak,142
medium_bodi,142
fennel,141
salt,141
butterscotch,141
hold,139
old_vine,139
background,139
wild_berri,139
hit,138
mark,137
appet,137
interest,137
much,136
way,136
close,135
eye,135
lead_way,135
green_bell,135
reduct,135
shape_nose,135
moder_tannic,135
given,134
kiwi,133
sourc,132
tight_wound,132
meati,132
pair,131
sparkler,131
orang_peel,130
dust,130
profil,129
bean,129
auster,129
brioch,129
brambl,129
site,128
come_togeth,128
form,128
bodi,128
stone,126
extract,126
mouthwat,126
grippi,126
petit_sirah,126
come_forefront,126
togeth,125
introduc,125
peel,125
midpal,125
creat,124
10,124
velveti,124
match,123
fun,123
persist,123
though,123
winemak,122
waft_glass,122
sauvignon,122
offdri,122
along_whiff,121
luscious,120
lemon_peel,120
brace,120
restrain,119
continu,117
immedi,117
chalk,117
famili,116
need,116
get,116
grassi,116
somewhat,116
tempranillo,116
around,115
right,115
viscous,115
truffl,115
zinfandel,114
currant,113
cool,113
serious,113
2023,112
nutti,112
redberri,111
tension,111
onli,111
appear,111
unusu,111
fulli,110
drink_late,108
tasti,108
toast_hazelnut,108
extrem,108
bake_appl,108
toast_wood,108
excel,107
promin,107
across,107
long,107
pithi,107
sharp,106
enhanc,106
jam,106
blood_orang,106
charm,105
crush_rock,105
initi,105
tea,105
yellow_pear,105
wonder,105
sangioves,105
remain,104
mountain,104
made_organ,104
flint,104
petrol,104
hearti,104
month,103
bell_pepper,103
lilac,103
cantaloup,103
balsam,103
line,102
envelop,102
fruitforward,102
elderberri,102
smoke_meat,102
chalki,101
compel,101
botan_herb,101
bay_leaf,101
behind,100
chamomil,100
purpl,100
typic,99
lyche,99
wild_herb,99
although,98
overrip,98
passion_fruit,98
near,97
equal,97
need_time,97
quick,97
juic,97
hay,97
blackberri_blueberri,97
distinct,96
hard,96
stalki,96
fresh_cut,96
satisfi,96
label,95
banana,95
redcherri,94
result,94
slice,94
watermelon,94
slender,94
rustic,94
coat,93
velveti_tannin,93
exhibit,92
uniqu,92
delight,92
30,92
purpl_flower,92
white_stone,92
natur,91
easygo,91
shape,91
orang_blossom,91
linger_finish,91
front,90
nt,90
pink,90
overal,90
similar,90
toast_nut,90
sandalwood,90
doe,89
riper,89
gorgeous,89
allow,88
small,88
mushroom,88
quinc,88
flinti,88
leatheri,88
perfect,88
glass_bottl,87
bite,87
short,87
grace,87
game,87
rosemari,87
flesh,87
reserv,87
pick,87
finess,87
brawni,87
summer,86
emerg,86
woodi,86
black_tea,86
funki,85
heavi,85
first_sip,85
entri,85
butteri,85
morello,85
de,84
crunchi,84
showcas,84
version,84
stew,84
snappi,83
white_grapefruit,83
easydrink,83
cardamom,83
rare,83
orchard_fruit,83
woodland,83
complet,82
pink_grapefruit,82
yellow_peach,82
sleek,82
light_bodi,82
rest,82
petit_verdot,82
crack_pepper,81
tens,81
meld,81
100,81
wet,81
blackberri_cassi,81
cabernet,81
pois,80
final,80
reminisc,80
raw,80
pipe_tobacco,80
singlevineyard,79
relat,79
turn,79
pie,79
minti,79
clove_alongsid,79
characterist,78
harmoni,78
two,78
despit,78
sour,78
blackskin_berri,78
rang,77
acid_keep,77
lee,77
alway,77
steeli,77
100_variet,77
20,77
toast_almond,77
raisin,77
meat,77
chewi,77
cigar_box,77
carignan,77
use,76
backdrop,76
part,76
without,76
addit,76
oregano,76
find_note,76
orang_rind,76
field_blend,76
tobacco_alongsid,76
till_soil,76
ride,75
friend,75
doe_nt,75
give_way,75
raspberri_jam,75
cinsault,75
direct,74
2022,74
stoni,74
zippi,74
lemongrass,74
honeydew,74
fair,74
help,74
penetr,74
brood,74
ferment_age,73
bonedri,73
grill,73
pristin,73
mouss,73
muddl,72
surpris,72
wellstructur,72
sing,72
lemonlim,72
length,72
deepli,72
pepperi_spice,72
wild_strawberri,72
rhubarb,72
touriga_nacion,72
2025,71
last,71
stage,71
past,71
pierc,71
bartlett,71
shade,71
douro,71
need_age,70
land,70
blackfruit,70
star,70
ting,70
crush_stone,70
iodin,70
satur,70
syrah_mourvã¨dr,70
assert,69
exampl,69
grown,69
pale,69
smell,69
precis,69
detail,69
refin,69
plant,68
releas,68
pronounc,68
eventu_reveal,68
iri,68
old,67
stainless_steel,67
lith,67
greenappl,67
25,67
compot,67
mani,66
abund,66
emphas,66
exuber,66
rock,66
lime_peel,66
steel,66
lemon_curd,66
highton,66
asian_pear,66
hot,66
15,66
drink_2026,66
develop_well,65
elev,65
age_wood,65
realli,65
sugar,65
green_herb,65
someth,65
syrup,65
green_pepper,65
sunni,65
grippi_tannin,65
anise,65
mirabell_plum,65
closegrain_tannin,65
slope,64
heat,64
differ,64
slate,64
leaf,64
honeydew_melon,64
beeswax,64
lack,64
asphalt,64
cook,64
cocoa_powder,64
acid_accompani,63
driven,63
potpourri,63
medicin,63
plummi,63
blend_60,63
need_soften,62
vine_plant,62
shot,62
richer,62
energi,62
place,62
surround,62
half,62
reflect,62
citrusi,62
second,62
wellintegr,62
arinto,62
luxuri,61
tannin_accompani,61
clay,61
sear,61
ground,61
nut,61
marzipan,61
oliv,61
cherri_marin,61
certain,60
sorbet,60
aspect,60
evolv,60
access,60
stonefruit,60
swirl,60
poach_pear,60
allur,60
40,60
blackpepp,60
graini_tannin,60
vein,59
upfront,59
pull,59
short_finish,59
day,59
throughout,59
stand,59
mace,59
marasca_cherri,59
work,58
drive,58
dash,58
pinot,58
mingl_whiff,58
oakdriven_spice,58
base,57
extra,57
parcel,57
lace,57
effervesc,57
tempt,57
modest,57
quiet,57
bosc_pear,57
chalki_tannin,57
sauc,57
yield,56
tang,56
exud,56
stay,56
amount,56
shi,56
air,56
equal_part,56
unctuous,56
seamless,56
low,55
weighti,55
push,55
everyth,55
clear,55
trace,55
easi_drink,55
flow,55
underscor,55
primari,55
tobacco_leaf,55
2023â2029,55
russet_pear,55
mean,54
found,54
hill,54
backbon,54
plus,54
point,54
futur,54
granit,54
spent,54
gooseberri,54
grape_varieti,54
medium_weight,54
whole,54
blue_fruit,54
blend_50,54
could,53
flat,53
run,53
spirit,53
tarragon,53
malvasia,53
exot,53
decad,53
let,52
becom,52
freshen,52
firm_tannic,52
less,52
2021,52
abound,52
passionfruit,52
lime_zest,52
tomato_leaf,52
smith,52
mouthcoat,52
puriti,52
engag,52
hue,52
river,52
singlevineyard_express,52
wrap_around,52
uco,52
crush_raspberri,52
convey,51
ageworthi,51
indic,51
select,51
draw,51
stun,51
extend,51
papaya,51
lavish,51
cohes,51
estategrown,51
anisett,51
forest_berri,51
alicant,51
ground_clove,51
appar,50
age_potenti,50
sulfur,50
vivaci,50
golden,50
goe,50
redcurr,50
oil,50
put,50
danc,50
zest,50
wave,50
granni,50
splash,50
tongu,50
state,50
honeycomb,50
mulberri,50
garrigu,50
alongsid_polish,50
white_spring,50
bouschet,50
onc,49
north,49
drink_2022,49
sophist,49
wet_rock,49
coolclim,49
peach_apricot,49
new_french,49
barrel_spice,49
massiv,49
toasti_oak,49
astring,49
merlot_cabernet,49
readi_2024,48
franc,48
boost,48
edgi,48
basil,48
press,48
energet,48
bitter_almond,48
met,48
bubblegum,48
pastri,48
sea_salt,48
wood_smoke,48
darkberri,48
cab_franc,48
blend_70,48
raspberri_compot,48
potent,47
slowli,47
would,47
main,47
fascin,47
lighter,47
waxi,47
food,47
sturdi,47
hibiscus,47
generic,47
citrus_peel,47
inki,47
finegrain,47
drink_2027,47
salti_yeast,47
punch,46
welcom,46
look,46
three,46
mineraldriven,46
may,46
well_integr,46
wildflow,46
elev_acid,46
vanilla_bean,46
price,46
unoak,46
compact,46
smash,46
lemon_drop,46
substanti,46
crush_mint,46
nebbiolo,46
verdot,46
zin,46
blend_arinto,46
array,45
beef,45
howev,45
muscular,45
moss,45
sharp_acid,45
gritti,45
phenol,45
pith,45
compon,45
whitepeach,45
ani,45
turn_earth,45
cinnamon_clove,45
char_meat,45
sagebrush,45
velveti_textur,45
add_complex,44
expect,44
known,44
comfort,44
yellow_stone,44
amphora,44
thing,44
anoth,44
decor,44
lime_leaf,44
waft,44
drop,44
sit,44
see,44
underton,44
consist,44
wet_slate,44
everyday,44
darker,44
deft,44
mapl,44
woodspic,44
block,44
mediumsweet,44
macer,44
fennel_pollen,44
cumin,44
11,44
deep_garnet,44
floor,44
fernã£o,44
vibranc,43
moment,43
entir,43
feet,43
except,43
blanc,43
pour,43
leafi,43
oili,43
miner_charact,43
14,43
experi,43
tomato,43
oregon,43
valu,43
cake,43
indulg,43
blend_four,43
iron,43
press_rose,43
sage_alongsid,43
mirabell,43
tannic_structur,42
fresher,42
secondari,42
miner_edg,42
mute,42
vinifi,42
fore,42
effect,42
fall,42
white_blossom,42
slipperi,42
citrus_zest,42
converg_nose,42
aris,42
brim,42
voluptu,42
walnut,42
soy,42
singl_vineyard,41
tank,41
within,41
dri_mediterranean,41
incorpor,41
overal_wellbalanc,41
hefti,41
larg,41
warmth,41
overton,41
spearmint,41
grow,41
move,41
toffe,41
rose_violet,41
incens,41
tarri,41
cook_spice,41
wait_drink,40
definit,40
proper,40
celebr,40
full_mouth,40
easili,40
abov,40
life,40
want,40
muscat,40
temper,40
valencia_orang,40
pinch,40
provenc,40
12,40
evok,40
lengthi,40
tingl,40
pine,40
blend_includ,40
crispli,40
60,40
cranberri_pomegran,40
gami,40
sappi,40
bread_crust,40
pencil_shave,40
southern,39
alongsid_firm,39
forc,39
chewi_tannin,39
subt,39
heart,39
toward,39
late,39
seduct,39
fizz,39
generos,39
zingi,39
chalki_textur,39
lime_pith,39
lemon_pith,39
shave,39
straw,39
elderflow,39
counter,39
medium_fullbodi,39
oxid,39
blackcap_raspberri,39
grenach_syrah,39
vanilla_nutmeg,39
darkfruit,39
chocolati,39
alongsid_dusti,39
alongsid_closegrain,39
true,38
consider,38
drink_later,38
area,38
far,38
readi_2023,38
earli,38
mask,38
crack,38
oak_barrel,38
green_melon,38
underneath,38
weav,38
medium_finish,38
faint,38
rocki,38
gardenia,38
35,38
palat_dole,38
california,38
unit,38
pleasur,38
tini,38
tannat,38
blend_80,38
chenin_blanc,38
cab,38
tart_cranberri,38
encruzado,38
wait,37
underlin,37
smoki_charact,37
come_one,37
manag,37
superrip,37
whisper,37
justrip,37
celeri,37
clone,37
champagn,37
kiss,37
dessert,37
built,37
cacao,37
dri_meat,37
roast_meat,37
blackberri_preserv,37
stew_prune,37
sirah,37
take_shape,37
ripe_blackskin,37
alongsid_taut,37
alongsid_assert,37
promis_age,36
better,36
fulli_integr,36
build,36
season,36
tradit,36
big_bold,36
pine_needl,36
underrip,36
defin,36
rind,36
decent,36
counti,36
front_center,36
spring,36
tight_woven,36
entic_scent,36
enliven,36
deep_rubi,36
bittersweet_chocol,36
tight_knit,36
syrah_grenach,36
plum_currant,36
powder_sage,36
brouilli,35
good_futur,35
properti,35
fine_futur,35
sustain,35
immens,35
brand,35
eas,35
maintain,35
bottl_begin,35
pear_flesh,35
lightweight,35
lemon_oil,35
strike,35
quaffabl,35
atop,35
standard,35
sã©millon,35
level,35
24,35
excit,35
brini,35
especi,35
delic_scent,35
appl_skin,35
pear_peel,35
noth,35
stem,35
effus,35
hedonist,35
roussann,35
charcuteri,35
carbon,35
cinnamon_vanilla,35
chardonnay_pinot,35
clove_cinnamon,35
pire,35
brilliant,34
total,34
rhã´ne,34
settl,34
beneath,34
thank,34
speak,34
home,34
melon_rind,34
decant,34
nervi,34
likabl,34
appl_peel,34
lemon_verbena,34
neutral,34
everi,34
incred,34
set_stage,34
light_feet,34
almostsweet,34
major,34
citrus_pith,34
freshfruit,34
underbrush_leather,34
youth_auster,34
alreadi_access,34
antã£o,34
current,33
oldvin,33
calm,33
craft,33
boister,33
never,33
serv,33
damp,33
barrelfer,33
appl_blossom,33
cut_grass,33
veget,33
water,33
key_lime,33
pave_way,33
lemon_rind,33
coast,33
impact,33
green_peppercorn,33
gravel,33
converg,33
wellmad,33
small_amount,33
foami,33
wide,33
26,33
golden_delici,33
spritz,33
suav,33
marjoram,33
rug,33
mesquit,33
miso,33
roast_strawberri,33
charcoal,33
sticki,33
rise_glass,33
alongsid_finegrain,33
nofril_palat,33
douro_superior,33
vinho_verd,33
grã¼ner,33
still_develop,32
beaujolai,32
worth_age,32
darkchocol_flavor,32
sure,32
away,32
echo,32
drinkabl,32
strong_miner,32
12_month,32
six_month,32
offset,32
middl,32
umami,32
roll,32
mandarin_orang,32
whitefruit,32
dose,32
clementin,32
70,32
17,32
bread,32
allspic,32
heft,32
sprinkl,32
bakingspic,32
real,32
washington,32
char_wood,32
cofer,32
chocolatecov,32
13,32
pithi_textur,32
bake_bread,32
grenach_20,32
catarratto,32
dark_garnet,32
redskin_berri,32
loami_soil,31
santa,31
immedi_attract,31
high_alcohol,31
next,31
cellar,31
northern,31
80,31
concret,31
pungent,31
sooth,31
brighten,31
sensat,31
lighter_style,31
warmer,31
portug,31
attent,31
rock_district,31
16,31
captur,31
chunki,31
leesi,31
thin,31
woodsmok,31
grill_herb,31
counois,31
astring_tannin,31
raisini,31
redplum,31
shimmer,31
gros_manseng,31
cherri_blood,31
villag,30
estat_bottl,30
becaus,30
familiar,30
take_time,30
fruitdriven,30
five,30
french,30
50,30
cucumb,30
softer,30
reduc,30
prior,30
aerat,30
benefit,30
sport,30
south,30
slight_bitter,30
might,30
super,30
restraint,30
eventu,30
custard,30
flash,30
influenc,30
acacia,30
19,30
saddl_leather,30
33,30
signal,30
36,30
petit,30
rough,30
crush_herb,30
bing_cherri,30
dark_rubi,30
offer_marasca,30
vital,29
metal,29
otherwis,29
la,29
wall,29
cover,29
rose_water,29
unfold,29
whitepepp,29
afford,29
grapefruit_peel,29
chees,29
neutral_french,29
citric,29
basic,29
first_whiff,29
golden_appl,29
stoni_miner,29
organ_grown,29
histor,29
earthen,29
lanolin,29
prove,29
made_100,29
23,29
marsann,29
anchor,29
design,29
mission_fig,29
dough,29
transit,29
brut,29
rioja,29
unrip,29
sunbak_earth,29
barolo,29
heat_evid,29
purpleflow,28
come_strong,28
local,28
alli,28
two_year,28
align,28
plumeria,28
junip_berri,28
captiv,28
aciddriven,28
expans,28
first_sniff,28
chop,28
compar,28
amid,28
float,28
whose,28
oak_influenc,28
tast_like,28
butter_toast,28
take_center,28
sundrench,28
spring_blossom,28
lateharvest,28
ash,28
pink_color,28
snap,28
grill_meat,28
ocean,28
hover,28
roast_fennel,28
liqueur,28
graini,28
brambl_berri,28
darkcherri,28
wild_mint,28
34,28
perlag,28
alvarinho,28
culinari_spice,28
leather_underbrush,28
closegrain,28
crush_sage,28
evid,27
origin,27
obvious,27
without_ad,27
gain,27
develop_quick,27
broaden,27
locat,27
chisel,27
predomin,27
seri,27
tough,27
vineyard_plant,27
bolster,27
willamett_valley,27
capsicum,27
freshcut_grass,27
underpin,27
fade,27
herb_de,27
18,27
punchi,27
almond_blossom,27
creek,27
wellconcentr,27
glide,27
cloudi,27
essenc,27
ether,27
invigor,27
sumptuous,27
spri,27
made_entir,27
onto,27
38,27
blackberri_pie,27
milkchocol,27
deeper,27
verv,27
stylish,27
reflect_nose,27
grabbi,27
sauci,27
espresso_alongsid,27
grill_porcini,27
pleasant_bitter,27
fragrant_blue,27
semidri,27
step,26
cushion,26
right_front,26
bear,26
fame,26
remind,26
later_year,26
often,26
partial_wood,26
darkplum,26
retain,26
partial,26
tree,26
climat,26
tabl,26
appl_flesh,26
prick,26
bordeaux,26
creami_mouthfeel,26
mediumweight,26
straight,26
grapefruit_pith,26
powder,26
hang,26
wind,26
intertwin,26
dill,26
lick,26
time_glass,26
center,26
bergamot,26
new_oak,26
flood,26
syrupi,26
due,26
melt,26
product,26
rosãâ©,26
rusti,26
espresso_bean,26
special,26
fruitfocus,26
tree_bark,26
lighterbodi,26
aromat_set,26
foam,26
21,26
vermentino,26
pinot_blanc,26
mediterranean_scrub,26
crianza,26
sever,25
morgon,25
estat_produc,25
blow,25
brought,25
sinc,25
gamay,25
room,25
hand,25
date,25
suitabl_vegan,25
long_finish,25
wide_avail,25
lili,25
lemon_juic,25
wellround,25
crowdpleas,25
cold,25
radiant,25
combo,25
think,25
smell_like,25
finish_short,25
junip,25
dryfarm,25
chalk_dust,25
framework,25
biodynam,25
milk,25
jolli,25
rancher,25
gingerbread,25
extend_nose,25
healthi,25
fern,25
dilut,25
wellintegr_oak,25
blood,25
mahogani,25
funk,25
fill_mouth,25
barnyard,25
steadi,25
mediterranean_herb,25
augment,25
blend_five,25
rather_lean,25
till_earth,25
mossi,25
onedimension_palat,25
steep_prune,25
amaron,25
domain,24
swath,24
grand,24
possibl,24
allow_age,24
cement,24
drunk,24
les,24
impart,24
hallmark,24
famous,24
noir,24
singl,24
blue,24
peach_nectarin,24
chile,24
blanch_almond,24
bone_dri,24
dissip,24
lover,24
herbal_edg,24
neutral_oak,24
explod,24
peachi,24
complementari,24
zip,24
gris,24
overpow,24
fennel_frond,24
blast,24
brick,24
gummi,24
2020,24
absolut,24
slim,24
grenach_blanc,24
four,24
amplifi,24
limit,24
pear_drop,24
ooz,24
particular,24
bay,24
purpl_plum,24
loam,24
woodsi,24
carnat,24
accentu,24
bit_shi,24
vigor,24
pinot_meunier,24
purpl_fig,24
verdelho,24
bean_alongsid,24
grenach_mourvã¨dr,24
grenachedomin_blend,24
underbrush_new,24
peardrop,24
plenti_potenti,23
could_age,23
chã¢teau,23
stillyoung,23
18_month,23
propel,23
granit_soil,23
call,23
velvet,23
blend_three,23
45,23
nine_month,23
late_2021,23
airi,23
lime_blossom,23
ice,23
dish,23
term,23
pineappl_rind,23
cours,23
buoy,23
struck_match,23
spectrum,23
relax,23
sizzl_acid,23
bulb,23
among,23
usual,23
farm,23
cuvã©,23
overflow,23
botan,23
grape_grown,23
leap_glass,23
dandelion,23
dazzl,23
estat_vineyard,23
chaparr,23
thin_tannin,23
green_oliv,23
least,23
frothi,23
moder_length,23
blackol,23
barbecu,23
carricant,23
alongsid_graini,23
prune_roast,23
grenach_30,23
alongsid_chewi,23
icon,22
year_old,22
import,22
dryness,22
recent,22
centuri,22
lie,22
contain,22
chill,22
set_scene,22
difficult,22
kumquat,22
jump_glass,22
aâ,22
contribut,22
amidst,22
jalapeã±o,22
burn,22
squeez,22
orchard_blossom,22
low_alcohol,22
anjou,22
citrus_rind,22
spray,22
tad,22
rubber,22
east,22
alentejo,22
san,22
notic,22
juxtapos,22
limeston,22
glimps,22
walla,22
overal_balanc,22
mandarin,22
cling,22
beyond,22
crumpl,22
bittersweet_dark,22
grill_plum,22
pencil_lead,22
fantast,22
easi_sip,22
sea,22
class,22
43,22
fennel_seed,22
uncompl,22
strawberri_jam,22
balsam_vinegar,22
rather_shi,22
mourvã¨dr_syrah,22
2023â2030,22
spirit_licoric,22
camphor_mingl,22
alreadi_delici,21
etch,21
perhap,21
worth,21
presenc,21
10_month,21
harvest,21
later,21
prime,21
green_tea,21
ripetast,21
ava,21
dynam_nose,21
pale_color,21
greenpear,21
cooler,21
aggress,21
improv,21
fit,21
person,21
damp_earth,21
fat,21
gold_color,21
spritzi,21
prepar_palat,21
open_entic,21
brown_sugar,21
theme,21
bacon_fat,21
shade_pink,21
grill_bell,21
blister,21
syrah_10,21
brown,21
common,21
hu,21
cava,21
coconut_vanilla,21
strawberri_cream,21
inform,21
yellow_spring,21
load_finess,21
22,21
syrah_20,21
cab_sauv,21
bordeaux_blend,21
rubycolor,21
2023â2028,21
touriga,21
moscatel,21
lightest,20
moulinã,20
vent,20
citi,20
happen,20
spread,20
odd,20
buoyant,20
fragranc,20
explos,20
introduct,20
terroir,20
case,20
liveli,20
packag,20
concret_egg,20
tast_bud,20
wet_cement,20
done,20
steeli_edg,20
overwhelm,20
bounci,20
gold,20
talc,20
ever,20
mango_pineappl,20
oodl,20
oyster_shell,20
confect,20
pineappl_mango,20
grip_sip,20
fleck,20
yuzu,20
spine,20
road,20
easi_enjoy,20
matchstick,20
reserv_bottl,20
suitabl,20
straw_color,20
toast_filbert,20
brush,20
frame_sip,20
cashew,20
ripen,20
finish_long,20
histor_vineyard,20
pulpi,20
orang_marmalad,20
petal,20
effort,20
simpli,20
paso,20
act,20
bacon,20
joyous,20
beefi,20
island,20
root_beer,20
announc,20
also_includ,20
autumn,20
chard,20
vivac,20
merg,20
pinot_nero,20
37,20
farm_grape,20
resin,20
saintemilion,20
kabinett,20
slowli_take,20
still_youth,20
syrah_15,20
fruitcak,20
leather_forest,20
2023â2027,20
tinta_roriz,20
vaz,20
sector,19
orchard,19
readi_2025,19
kind,19
soon,19
2026,19
darkchocol,19
blend_two,19
come_singl,19
anim,19
inher,19
jicama,19
grapefruit_zest,19
onion,19
zing,19
tame,19
west,19
age_lee,19
compos,19
lowalcohol,19
dollop,19
practic,19
good_depth,19
coriand,19
glide_along,19
good_length,19
clean_line,19
lime_juic,19
broadfeel,19
variet_charact,19
memor,19
mouthwat_finish,19
come_across,19
wet_clay,19
appl_juic,19
wash,19
age_neutral,19
clove_nutmeg,19
skin_contact,19
graham_cracker,19
volumin,19
condrieu,19
satini,19
pillowi,19
28,19
lake,19
sunkiss,19
pie_crust,19
slick,19
five_year,19
heavili,19
pert,19
greet_nose,19
breath,19
marshmallow,19
whole_cluster,19
three_year,19
dri_beef,19
prune_raisin,19
open_headi,19
cigar,19
coalesc,19
steak,19
project,19
hue_glass,19
age_18,19
dark_brood,19
rubberi,19
handsom,19
vigor_acid,19
alpin_herb,19
fan,19
rise,19
preced,19
32,19
grape_includ,19
27,19
blend_65,19
grã¼ner_veltlin,19
garnetcolor,19
merlot_petit,19
touch_reduct,19
expand,19
slowli_emerg,19
camphor_new,19
farm_sangioves,19
rabigato,19
light_prickl,19
offdri_riesl,19
specif,18
hail,18
sign,18
measur,18
treat,18
egg,18
steep,18
dramat,18
distract,18
sipper,18
fuller,18
note_repeat,18
coastal,18
echo_nose,18
corn,18
whiteflow,18
nectar,18
sizzl,18
hour,18
win,18
outstand,18
seawe,18
underst,18
ton,18
popular,18
dinner,18
nonetheless,18
campfir,18
exquisit,18
fullflavor,18
soda,18
marmalad,18
pervad,18
tighten,18
pastill,18
gala_appl,18
robl,18
soy_sauc,18
wee_bit,18
pork,18
tini_bubbl,18
semisweet,18
wild_thyme,18
burnt,18
blueberri_pie,18
gate,18
peat,18
hungarian,18
greet,18
42,18
compris,18
55,18
jelli,18
fieri,18
pinot_bianco,18
blend_85,18
angular,18
bring_togeth,18
lipsmack,18
oakdriven,18
ground_pepper,18
barest_hint,18
portugues,18
loureiro,18
sweep,18
salti_yeasti,18
prune_licoric,18
hone,18
franca,18
quinta,18
viosinho,18
semidri_riesl,18
cru,17
one_top,17
bitter_edg,17
themselv,17
great_potenti,17
immedi_appeal,17
90,17
late_2022,17
tuscan,17
dimens,17
eight_month,17
acr,17
oakag,17
underbelli,17
freshcut,17
plethora,17
hide,17
shell,17
zealand,17
bread_dough,17
justrip_white,17
synthet,17
tri,17
reliabl,17
led,17
residu_sugar,17
herbac_charact,17
apart,17
lurk,17
swirl_glass,17
pippin_appl,17
vibe,17
soak,17
rosepet,17
pit,17
orang_oil,17
chang,17
sultri,17
clover,17
tangi_aftertast,17
overt,17
skincontact,17
toast_bread,17
adorn,17
endur,17
foodfriend,17
lumin,17
pioneer,17
depth_complex,17
viscos,17
world,17
vineyarddesign,17
reduct_gate,17
bur,17
gewã¼rztramin,17
cure_meat,17
best_enjoy,17
mixtur,17
upon,17
twist,17
wellcraft,17
eastern,17
flank,17
nori,17
shoulder,17
western,17
inde,17
damp_wood,17
coat_mouth,17
hickori,17
savor,17
sandi_tannin,17
eucalyptus_oil,17
rounder,17
seed,17
tire_rubber,17
brown_spice,17
hawthorn,17
consum,17
intric,17
parti,17
plot,17
ideal,17
cinnamon_nutmeg,17
41,17
fennel_bulb,17
strawberri_watermelon,17
cordial,17
39,17
left,17
strawberri_compot,17
befor_close,17
sweettart,17
raisin_prune,17
huge,17
cuyo,17
29,17
emerg_midpal,17
friulano,17
kerosen,17
mediterranean_brush,17
russetpear_peel,17
grapi,17
rather_auster,17
glossi_tannin,17
drink_2021,17
grenach_40,17
fullbodi_envelop,17
rather_astring,17
alreadi_approach,17
diesel,17
py,16
burst_energi,16
work_well,16
demand,16
notabl,16
higher,16
counterpoint,16
american,16
provid_good,16
damp_forest,16
vineyard_locat,16
simpl_straightforward,16
box,16
beach,16
parsley,16
aerat_glass,16
easysip,16
yellow_glass,16
loir,16
fine_line,16
biscuit,16
textbook,16
versatil,16
electr_acid,16
hous,16
bare,16
fullthrottl,16
amaz,16
freshtast,16
fine_bubbl,16
broad_feel,16
tonic,16
sonoma,16
thread,16
slight_reduct,16
barrel_ferment,16
fire,16
lactic,16
persimmon,16
nectarin_apricot,16
2019,16
wax,16
broadtextur,16
lighter_bodi,16
moder_long,16
vanillin_oak,16
abv,16
sanguin,16
100_new,16
bouquet_cassi,16
deepgarnetcolor,16
oliv_tapenad,16
quantiti,16
loami_earth,16
around_edg,16
5050_blend,16
75,16
subregion,16
classic_express,16
cheesi,16
crust,16
vanillin,16
firmtextur,16
tradit_method,16
oakspic,16
primarili,16
success,16
electr,16
copper,16
fizzi,16
pink_glass,16
crumbl,16
blend_75,16
form_delic,16
weightless,16
wild_fennel,16
coat_tongu,16
lujã¡n,16
pinot_grigio,16
trebbiano,16
courbu,16
blend_90,16
flush,16
utter,16
reserva,16
cahor,16
graciano,16
fluid,16
underbrush_camphor,16
taut_finegrain,16
william_pear,16
mount,15
highest,15
next_month,15
power_densiti,15
soften_next,15
number,15
veri_drinkabl,15
medley,15
partial_age,15
foot,15
fruitier,15
20_month,15
fuel,15
lawn,15
sandi,15
squeez_lemon,15
tropicalfruit_flavor,15
yogurt,15
peak,15
sweeter,15
classi,15
seashel,15
sit_atop,15
rim,15
yellowfruit,15
undercurr,15
jump,15
spright,15
small_percentag,15
yellowappl,15
slight_grippi,15
golden_color,15
organ_farm,15
energ,15
blanket,15
tremend,15
central,15
glossi,15
eight,15
got,15
tuberos,15
ferment_concret,15
standout,15
svelt,15
reach,15
tangerin_peel,15
light_oxid,15
front_follow,15
pollen,15
wisp,15
resini,15
freesia,15
former,15
princip,15
hard_candi,15
cocoa_butter,15
huckleberri,15
slight_sour,15
fashion,15
nutmeg_clove,15
coolclim_syrah,15
lemonsc,15
boysenberri_jam,15
cinnamon_stick,15
lamb,15
raw_meat,15
sourcherri,15
medicin_herb,15
chambord,15
vinegar,15
blackraspberri,15
2018,15
glorious,15
unexpect,15
root,15
lemon_ice,15
perk,15
limeston_soil,15
column,15
form_subtl,15
grenach_cinsault,15
salmon_color,15
barest_whiff,15
coars,15
malbec_petit,15
fig_prune,15
drink_soon,15
blackol_past,15
deep_violetr,15
highoctan,15
merlotdomin,15
tire,15
littl_spritz,15
pine_forest,15
shape_glass,15
truli,15
100_merlot,15
scratchi,15
choppi,15
gigonda,15
grenach_25,15
syrah_carignan,15
grenach_10,15
prune_espresso,15
monolith_palat,15
chocolatecov_espresso,15
summer_farm,15
inki_garnet,15
lead_onto,15
blend_alvarinho,15
yeasti_salti,15
fleuri,14
deal,14
famili_estat,14
one_best,14
go_along,14
partner,14
age_tank,14
littl_young,14
held,14
plateau,14
achiev,14
jasmin_blossom,14
dive,14
ladi,14
walk,14
permeat,14
disappear,14
crowd,14
superrich,14
spot,14
babi_breath,14
chamomil_flower,14
quiet_power,14
lemon_balm,14
slightest,14
ham,14
summer_peach,14
aussi,14
sniff,14
garden,14
aura,14
choic,14
smack,14
remark,14
wet_earth,14
ranch,14
stainless,14
rub,14
puncheon,14
suit,14
slight_cloudi,14
favor,14
unabash,14
substanc,14
spin,14
orang_slice,14
pecan,14
angl,14
ring,14
honor,14
signific,14
expert,14
seem_bit,14
cooki,14
meloni,14
2017,14
instead,14
demur,14
midweight,14
enrich,14
wound,14
aliv,14
undeni,14
acai,14
roast_pork,14
seek,14
provid_backdrop,14
homag,14
toast_sage,14
fortifi,14
orangepeel,14
opaqu,14
forest,14
sumac,14
scorch,14
fudg,14
rubi,14
eman,14
paprika,14
wood_char,14
bounc,14
come_aliv,14
translat,14
blackberryjam,14
resolv,14
vale,14
bark,14
drizzl,14
napa,14
brut_natur,14
hyacinth,14
whole_lot,14
orchard_stone,14
alto,14
blend_52,14
30_chardonnay,14
di,14
exact,14
live_perlag,14
italian,14
44,14
christma,14
blend_45,14
cedari,14
top_soil,14
bundl,14
luxardo,14
albariã±o,14
local_grape,14
bittersweet,14
brandi,14
loos,14
grenach_augment,14
camphor_rose,14
camphor_underbrush,14
2023â2031,14
barbera,14
durabl,14
headtrain,14
lisboa,14
castelã£o,14
vaz_arinto,14
lentil,14
spine_tingl,14
late_2023,13
mayb,13
glow,13
mont,13
100yearold_vine,13
said,13
bite_pepper,13
six,13
method,13
situat,13
year_wood,13
passionfruit_lime,13
limey,13
shrill,13
steeli_miner,13
field_flower,13
pale_straw,13
snap_pea,13
phenol_grip,13
signatur,13
flinti_reduct,13
strawcolor,13
unfilt,13
crisper,13
mountain_vineyard,13
know,13
pass,13
latest_releas,13
citrus_greenappl,13
stream,13
pucker,13
els,13
seashor,13
geranium,13
establish,13
fair_price,13
rosewat,13
add_interest,13
crush_granit,13
orangerind,13
creamsicl,13
gem,13
border,13
feet_abov,13
popcorn,13
singlevineyard_bottl,13
leaner,13
glaze,13
blossomi,13
croissant,13
reward,13
paint_around,13
satsuma,13
twothird,13
dip,13
bed,13
nice_integr,13
essenti,13
streamlin,13
saffron,13
mirror,13
agil,13
gum,13
tip,13
interplay,13
repres,13
juicier,13
pair_nice,13
chip,13
join_trace,13
cofer_viognier,13
featheri_tannin,13
hillsid_herb,13
possess,13
marionberri,13
powderi,13
highelev,13
pot_soil,13
basalt,13
palateco,13
stick,13
seen,13
uphold,13
50_new,13
forestfloor,13
chocolati_oak,13
67,13
tartar,13
woven,13
foundat,13
magnific,13
lighter_hue,13
melt_butter,13
appreci,13
2028,13
cooper,13
struck,13
crush_yarrow,13
infus,13
54,13
blend_55,13
mere,13
sparkler_made,13
rariti,13
65,13
impli,13
ultrarip,13
imbu,13
atlant,13
honest,13
mapl_syrup,13
40_cabernet,13
nose_tuscan,13
glint,13
blend_42,13
blend_56,13
thirst_quench,13
romanian,13
becom_appar,13
clariti,13
wild_rose,13
clove_anis,13
perki,13
terrac,13
cinsault_grenach,13
cake_spice,13
underbrush_blue,13
blackskin_fruit,13
alongsid_pliant,13
confer_pear,13
syrah_touriga,13
nacion,13
aragonez,13
lagar,13
link,13
hazi,12
futur_assur,12
cluster,12
mineraltextur,12
intact,12
joy,12
lost,12
velvet_textur,12
strength,12
longev,12
longterm_age,12
without_much,12
role,12
magic,12
granit_subsoil,12
generat,12
sandston,12
limitedproduct,12
transpar,12
grape_skin,12
readi_2022,12
vineyard_site,12
raini,12
sweet_pea,12
serrano,12
breadth,12
touch_residu,12
demonstr,12
classic_variet,12
mã©lang,12
pictur,12
whitegrapefruit,12
residu,12
breadi,12
newer,12
appl_cider,12
bell,12
cup,12
right_away,12
greenplum,12
orangeblossom,12
pale_gold,12
earthier,12
ferment_entir,12
anyth,12
stainlesssteel_ferment,12
pale_pink,12
yellow_melon,12
suprem,12
need_littl,12
citrusdriven,12
zesti_aftertast,12
ferment_stainless,12
bank,12
bristl,12
welldefin,12
granita,12
heavi_bottl,12
beguil,12
crã¨me_brã,12
lã©e,12
inaugur,12
drench,12
aperitif,12
veer,12
redappl,12
lip_smack,12
brighter,12
applesauc,12
volum,12
redol,12
blocki,12
cloudi_appear,12
button_mushroom,12
posit,12
first_vintag,12
saw,12
new_world,12
gelato,12
must,12
favorit,12
elev_alcohol,12
mull,12
brine,12
disgorg,12
prepar,12
kelp,12
gualtallari,12
blueberri_jam,12
cellar_floor,12
provid_support,12
dewi,12
gun_flint,12
embrac,12
french_american,12
includ_10,12
ridg,12
bowl,12
violet_talc,12
equal_measur,12
warm_vintag,12
hors,12
violetr,12
dynam,12
crush_peppercorn,12
field,12
studi,12
syrah_sourc,12
15_month,12
pulsat,12
owner,12
proport,12
intent,12
confirm,12
faint_hint,12
linear_focus,12
sunset,12
en_tirag,12
sunwarm_hay,12
made_90,12
cinsault_syrah,12
15_petit,12
hibiscus_tea,12
10_petit,12
crã¨me_de,12
chocolatey,12
stiff,12
driedfruit,12
blend_64,12
altitud,12
blend_44,12
ribolla,12
breezi,12
mountainsid_herb,12
spell,12
mingl_togeth,12
redviolet,12
pasta,12
swing,12
reedi,12
syrah_40,12
grenach_15,12
darkrubycolor,12
gouveio,12
salti_miso,12
mosel,12
one_pair,11
miss,11
sector_morgon,11
cã´te_du,11
best_2024,11
immedi_drinkabl,11
palpabl,11
weight_densiti,11
four_year,11
check,11
schist_soil,11
oldest,11
50yearold_vine,11
befit,11
begin_soften,11
sand,11
volcan_soil,11
clay_amphora,11
age_larg,11
equal_proport,11
control,11
given_extra,11
lose,11
pyrazin,11
alpin,11
oyster,11
puls,11
brief,11
pea,11
sancerr,11
wear,11
fine_tang,11
superfresh,11
twisttop,11
add_extra,11
classic_style,11
partnership,11
stellar,11
lemon_basil,11
fill_air,11
daisi,11
doughi,11
repeat_palat,11
best_known,11
increas,11
10_viognier,11
good_amount,11
good_valu,11
crystallin,11
founder,11
boushey,11
superb,11
coupl,11
yarra,11
85,11
plastic,11
casual,11
thistl,11
requir,11
good_thing,11
thrill,11
foothil,11
whi,11
also_aris,11
golden_hue,11
lemon_glaze,11
southern_oregon,11
open_toward,11
heighten,11
lavish_oak,11
exampl_varieti,11
wineri_estat,11
royal,11
enter,11
riverston,11
toward_finish,11
patienc,11
brown_butter,11
ferment_skin,11
beli,11
impecc,11
irresist,11
unmistak,11
volatil,11
ultrasmooth,11
marri,11
powder_sugar,11
scone,11
violet_lilac,11
plushi,11
mourvãâ¨dr,11
restrain_alcohol,11
cool_climat,11
portlik,11
salmon,11
wholeclust,11
teriyaki,11
pacif,11
hip,11
share,11
shiraz,11
slight_rough,11
blueberri_compot,11
third,11
knit,11
refer,11
compost,11
strawberri_sorbet,11
ancient,11
sunbak,11
ad_sulfit,11
face,11
thyme_oregano,11
split,11
dedic,11
bourbon,11
pencil,11
clench,11
briari,11
giant,11
sea_breez,11
lemonad,11
drift,11
mix_orchard,11
mile,11
barrel_influenc,11
highaltitud_vineyard,11
renown,11
bar,11
toastedoak,11
silk,11
nativ,11
sparkl_rosã©,11
made_85,11
bunch,11
live_mouss,11
48,11
fine_mouss,11
bianco,11
turkish_delight,11
pale_salmon,11
blend_57,11
medium_straw,11
orchardfruit,11
chardonnaybas_sparkler,11
68,11
cap,11
maraschino_cherri,11
openknit,11
process,11
grape_sourc,11
sauvignondriven,11
pencil_eras,11
15_syrah,11
49,11
much_away,11
raci_linear,11
lean_linear,11
crush_slate,11
sap,11
wellknit,11
smallproduct,11
altamira,11
wildberri,11
piquant,11
grenach_35,11
mourvã¨dr_20,11
grenach_31,11
profound,11
10_syrah,11
grapey,11
mocha_scorch,11
2024â2032,11
lean_term,11
recal_scorch,11
cassi_purpl,11
give_away,11
100_sangioves,11
slight_spritz,11
barriqu,10
juliã©na,10
regular,10
longlast,10
word,10
vie,10
hope,10
larg_barrel,10
assur,10
sun,10
chateau,10
burgundi,10
wild_yeast,10
turn_soil,10
small_parcel,10
happi,10
organ_biodynam,10
height,10
aim,10
grower,10
associ,10
du,10
reli,10
sever_year,10
judici,10
pome,10
bombast,10
combin_stainless,10
peoni,10
limepeel,10
sneak,10
uplift,10
veggi,10
mouth_water,10
clay_soil,10
heap,10
fullerbodi,10
ventur,10
flint_soil,10
obscur,10
greenherb,10
forth,10
mind,10
shortbread,10
creamytextur,10
grassi_herbal,10
merest_hint,10
tuck,10
greenfruit,10
notquiterip,10
nettl,10
wateri,10
grill_pineappl,10
dissolv,10
thirstquench,10
first_pour,10
peach_pit,10
night,10
arrest,10
tie_togeth,10
trail,10
muski,10
asparagus,10
overlay,10
stainlesssteel,10
modern,10
grapefruit_rind,10
terrif,10
columbia,10
occas,10
simpl_approach,10
nevertheless,10
peek,10
ice_cream,10
slight_funki,10
lemonpeel,10
longtim,10
veil,10
estat_site,10
high_elev,10
spare,10
explor,10
backyard,10
lawrenc,10
lemon_meringu,10
wet_soil,10
lemonzest,10
finish_cap,10
reason,10
sharpli,10
lighterstyl,10
character,10
olsen,10
subtleti,10
throw,10
lineup,10
2016,10
size,10
bloom,10
balsa,10
gunpowd,10
char_beef,10
chelan_cherri,10
succeed,10
master,10
revel,10
actual,10
stunner,10
stroll,10
tea_leav,10
older,10
shock,10
bluefruit,10
firepit,10
oliv_brine,10
stemmi,10
whole_orang,10
like_mani,10
22_month,10
web,10
oregano_marjoram,10
purplefruit,10
roast_fig,10
wealth,10
slide,10
seam,10
yakima,10
immedi_enjoy,10
16_month,10
pile,10
sheen,10
bay_leav,10
fuji,10
chamomil_tea,10
minut,10
intermingl,10
head,10
drinker,10
mã©thode,10
grit,10
grate,10
evolut,10
mendoza,10
move_toward,10
secret,10
toast_walnut,10
47,10
certifi,10
evapor,10
fir,10
rainier,10
rise_pizza,10
creami_mouss,10
prep,10
palatecleans,10
albarino,10
grown_grape,10
love_sparkler,10
delic_entic,10
chestnut,10
shard,10
74,10
gravelli,10
montepulciano,10
mã¼llerthurgau,10
latter,10
wellbuilt,10
garnet,10
mass,10
power_built,10
25_merlot,10
redflow,10
halfandhalf,10
entredeuxm,10
say,10
blend_46,10
blend_61,10
sundri,10
oak_cask,10
gialla,10
40_grenach,10
blend_51,10
deepli_hu,10
cask,10
petit_manseng,10
garnacha,10
chime,10
tinta,10
raspi,10
lighter_middl,10
primitivo,10
syrah_25,10
50_syrah,10
grenach_23,10
70_syrah,10
purefruit,10
grenachesyrah,10
30_syrah,10
heat_scorch,10
fragrant_purpl,10
camphor_pipe,10
coconut_espresso,10
intensifi,10
ground_coffe,10
six_grape,10
inki_rubi,10
downi,10
arugula,10
yarrow,10
littl_away,10
slender_bodi,10
grown_sangioves,10
alfrocheiro,10
bical,10
blend_viosinho,10
deeprubycolor,10
lightfoot,10
spã¤tlese,10
palesalmon,10
plumskin,9
barbara,9
general,9
immedi_approach,9
normal,9
select_parcel,9
fact,9
lit_acid,9
sold,9
icon_vineyard,9
blackplumskin,9
work_togeth,9
hillsid,9
slight_chill,9
spoil,9
volcan,9
embed,9
laden,9
conjur,9
pungenc,9
fade_away,9
pineappl_passion,9
dure,9
latest,9
chalk_soil,9
fullon,9
arriv,9
bit_flat,9
gun_smoke,9
charg,9
tomato_stem,9
longer,9
vagu,9
neutral_barrel,9
pump,9
chalki_grip,9
pea_shoot,9
rush,9
yalumba,9
72,9
easytoenjoy,9
struck_stone,9
goldenappl,9
lot_enjoy,9
barrelag,9
sink,9
sharper,9
powerhous,9
foudr,9
minim,9
job,9
bodi_weight,9
sublim,9
type,9
pomelo,9
ashi,9
fuller_feel,9
softtextur,9
full_forc,9
vinous,9
spotlight,9
meant,9
list,9
tantal,9
ici,9
mushroomi,9
river_rock,9
kitchen,9
smallbatch,9
greenmelon,9
sea_level,9
feral,9
break,9
key,9
seafood,9
percentag,9
toast_brioch,9
acacia_honey,9
countri,9
showstopp,9
stargaz_lili,9
cideri,9
onethird,9
appleflesh,9
showi,9
soapi,9
good_proport,9
satsuma_orang,9
musk,9
wilt_flower,9
draw_glass,9
weigh,9
deep_gold,9
australia,9
market,9
uncommon,9
american_oak,9
temecula,9
meringu,9
los,9
flashi,9
tangerin_zest,9
poach,9
fullfeel,9
plain,9
ale,9
challeng,9
latepick,9
raw_lamb,9
segu,9
pickl,9
lighter_glass,9
laundri,9
stuff,9
today,9
earthi_funk,9
hair,9
victoria,9
fleet,9
tribut,9
ink,9
carob,9
lean_toward,9
barreldriven,9
specialist,9
damp_herb,9
hickori_smoke,9
wood_oil,9
outsid,9
cruis,9
boushey_vineyard,9
popsicl,9
oakforward,9
wellpolish,9
soot,9
frozen,9
crack_peppercorn,9
tangerin_rind,9
gooey,9
caus_distract,9
simultan,9
unlik,9
ampl_tension,9
month_neutral,9
sing_rosemari,9
beef_jus,9
grill_beef,9
sinewi,9
molass,9
vintner,9
sort,9
stop,9
portfolio,9
charri,9
margaret,9
chai_spice,9
king,9
blanc_de,9
sourdough,9
macadamia_nut,9
pale_yellow,9
finger,9
peanut,9
handsom_oak,9
verg,9
float_glass,9
via,9
basket,9
wool,9
balsa_wood,9
territori,9
bench,9
copperi,9
pink_hue,9
soft_column,9
blush_color,9
fiano,9
tickl,9
20_chardonnay,9
hybrid,9
main_merlot,9
ballerina,9
made_60,9
extrem_simpl,9
tawni,9
ottonel,9
new_vintag,9
53,9
come_fore,9
aligotã©,9
73,9
20_merlot,9
darkgarnet,9
oregano_thyme,9
brais,9
lure,9
freshturn,9
yummi,9
figur,9
mitig,9
two_cabernet,9
hidden,9
fig_raisin,9
blend_58,9
crunch,9
carri_onto,9
hop,9
manseng,9
blend_59,9
rather_evolv,9
initi_shi,9
escap,9
aid,9
dress,9
nip,9
tea_leaf,9
graini_oak,9
inki_violet,9
mourvã¨dr_cinsault,9
grenachebas,9
60_syrah,9
mourvã¨dr_counois,9
40_syrah,9
blackcherri_preserv,9
sunscorch,9
wild_sage,9
tapenad,9
chã¢teauneufdupap,9
nail_polish,9
marasca,9
rather_close,9
taut_linear,9
underbrush_menthol,9
graini_astring,9
way_forefront,9
2022â2028,9
oregon_pinot,9
buffer,9
duli,9
tender,9
swish,9
hay_flower,9
dã£o_region,9
pire_arinto,9
perfum_malvasia,9
durian,9
misolik,9
violetredcolor,9
redviolet_glass,9
gran_reserva,9
warmyear,9
core_dryness,8
ageabl,8
wait_2025,8
question,8
shame,8
bush,8
unfortun,8
group,8
cã´te_de,8
southern_beaujolai,8
one_seri,8
singleparcel,8
picnic,8
best_parcel,8
benefit_age,8
blackfruitflavor,8
70yearold_vine,8
describ,8
vine_averag,8
encas,8
rule,8
singleest,8
delin,8
section,8
bland,8
coastal_vineyard,8
gami_meat,8
vibrat,8
abil,8
view,8
highaltitud,8
produc_select,8
probabl,8
scream,8
honey_nut,8
school,8
clip,8
tick,8
blanca,8
easi_sipper,8
save,8
excel_depth,8
transluc,8
veg,8
razorsharp,8
lime_popsicl,8
pouilli,8
fumã©,8
babi,8
smoothtextur,8
firecrack,8
celeri_salt,8
excel_vintag,8
french_barrel,8
worthi,8
mediumstrawcolor,8
nearbi,8
wet_concret,8
delicaci,8
seasalt,8
wet_grass,8
verbena,8
substant,8
willow,8
salad,8
buck,8
portion,8
hoppi,8
loud,8
pod,8
prosciutto,8
slightest_hint,8
appel_cuvã©,8
detect,8
great_valu,8
entrylevel,8
candylik,8
muscl,8
three_month,8
battl,8
richest,8
damp_soil,8
cross,8
state_top,8
daffodil,8
day_skin,8
even_though,8
stoneridg,8
held_check,8
crush_asphalt,8
fullerfeel,8
upper,8
show_wealth,8
alkalin,8
old_world,8
russian,8
wet_gravel,8
ball,8
wellpric,8
canyon,8
plow,8
afford_price,8
late_harvest,8
pud,8
almond_past,8
strang,8
flair,8
grain,8
great_tension,8
veer_toward,8
wellag,8
reson,8
bomb,8
crush_chalk,8
appleskin,8
sometim,8
path,8
corner,8
pure_variet,8
orangezest,8
slowli_reveal,8
bog,8
follow_suit,8
slice_fennel,8
2000,8
onedimension,8
ferment_nativ,8
entir_stainless,8
residu_sweet,8
week,8
malolact_ferment,8
beat,8
flagship,8
2015,8
struck_flint,8
consid,8
winner,8
squar,8
discern,8
weight_breadth,8
take_hold,8
blueberri_sorbet,8
flake,8
bone,8
attentiongrab,8
make_familiar,8
feet_elev,8
beast,8
cacao_nib,8
punctuat,8
inki_violetr,8
mull_spice,8
freshbak,8
grab_attent,8
surfac,8
squid,8
breathtak,8
sheet,8
destem,8
cocoa_nib,8
bloodi,8
finest,8
multipl,8
hawk_bay,8
wild_game,8
one_sniff,8
seven_hill,8
downright,8
left_skin,8
immedi_appar,8
crave,8
chocol_cover,8
plum_pud,8
nativ_yeast,8
month_french,8
aãâ§ai,8
ensur,8
rust,8
14_month,8
benchmark,8
ultim,8
argentina,8
soupi,8
quintess,8
deserv,8
20_grenach,8
german,8
interpret,8
retic,8
cã´te,8
roast_nut,8
gone,8
baker,8
nonvintag,8
flatten,8
petrichor,8
made_biodynam,8
easytolik,8
new_releas,8
wet_river,8
pavement,8
korean,8
histor_estat,8
cotton,8
technic,8
gush,8
breez,8
traditionalmethod,8
kept,8
freshest,8
half_new,8
divers,8
marin,8
reced,8
prosecco,8
best_2026,8
meunier,8
name_honor,8
conjur_memori,8
pã©tnat,8
persist_bubbl,8
tell,8
proprietari,8
fulli_develop,8
steeli_bubbl,8
shape_delic,8
57,8
minimum,8
slight_oxid,8
puretast,8
traditionalmethod_sparkler,8
refin_perlag,8
cleans,8
estat_grown,8
yellowplum,8
5050,8
sugari,8
one_three,8
though_label,8
marselan,8
guid,8
12_petit,8
corduroylik,8
13_petit,8
sexi,8
darkgarnetcolor,8
desert,8
price_point,8
tipto,8
ynez,8
macer_strawberri,8
2030,8
rubi_color,8
overlook,8
velvettextur,8
smart,8
best_2025,8
expens,8
inflect,8
bordeaux_varieti,8
readi_2026,8
consult,8
high_proport,8
sauvignonbas,8
insid,8
lucid,8
veneer,8
four_grape,8
83,8
31,8
wait_2023,8
endow,8
appropri,8
20_syrah,8
feed,8
drier,8
lemondrop,8
ambercolor,8
enchant,8
blend_compris,8
blend_colombard,8
amber_color,8
dull,8
fragrant_spring,8
grillo,8
fullbodi_softtextur,8
rain,8
bruis,8
tamarind,8
kirsch,8
brambleberri,8
weather,8
nod,8
interior,8
beckon,8
pebbl,8
rigid,8
tomatoey,8
cinsaut,8
syrah_35,8
40_mourvã¨dr,8
smaller_proport,8
mourvã©dr,8
30_mourvã¨dr,8
heat_vintag,8
whiff_blue,8
truffl_blue,8
rather_access,8
classic_craft,8
slowli_appear,8
nofril,8
zinfandel_petit,8
play_backup,8
chianti_classico,8
violetcolor,8
pliant_tannin,8
reduct_still,8
lee_stir,8
classic_sangioves,8
douro_river,8
trincadeira,8
loureiro_alvarinho,8
roupeiro,8
sã­ria,8
chinon,8
oakmoss,8
nestea,8
play_host,8
ribera_del,8
duero,8
yes,7
highelev_vineyard,7
name_roman,7
des,7
singular,7
windmil,7
charm_sector,7
promis_much,7
bubbl_gum,7
exemplari,7
came,7
scintil,7
crus,7
steep_slope,7
slope_mount,7
perform,7
spike,7
castl,7
region_known,7
lowyield,7
en,7
schist,7
lower,7
date_back,7
stoni_soil,7
lie_behind,7
11_month,7
sandi_soil,7
produc_base,7
equilibrium,7
neighbor,7
blend_seven,7
replet,7
treatment,7
sb,7
mood,7
lili_valley,7
crumbl_sage,7
shift,7
return,7
drip,7
lightintens,7
needl,7
thai,7
passionfruit_grapefruit,7
age_concret,7
bit_residu,7
fruitfil,7
almost_neutral,7
marlborough_sauvignon,7
rubi_grapefruit,7
supplement,7
pinkgrapefruit,7
judg,7
channel,7
justcut,7
passion,7
nt_fulli,7
slip,7
marcona,7
compet,7
cure,7
fade_quick,7
aerat_reveal,7
closer,7
pine_resin,7
almost_entir,7
age_seven,7
46,7
marlborough,7
spread_across,7
doe_disappoint,7
laser,7
year_ago,7
rowdi,7
textbook_exampl,7
train,7
hand_soap,7
southernmost,7
trap_co2,7
explod_glass,7
watermelon_rind,7
centerfocus,7
unbalanc,7
averag,7
harsh,7
wholeclust_press,7
21_month,7
jumbl,7
indigen,7
thrive,7
watch,7
lean_raci,7
cocktail,7
forefront,7
sweati,7
clime,7
famous_site,7
atyp,7
50_whole,7
gasconi,7
ca_nt,7
norm,7
given_time,7
strawberri_lemonad,7
rhã´ne_varieti,7
trio,7
whitemelon,7
ground_ginger,7
bass_note,7
ginlik,7
top_site,7
northern_rhã´ne,7
narrow,7
silken,7
sweetseem,7
carmel_valley,7
past_vintag,7
version_varieti,7
yellowpeach,7
fold,7
spoton,7
tactil,7
hold_togeth,7
vari,7
lazi,7
spend,7
mani_year,7
collect,7
abrupt,7
vanilla_cooki,7
gamach,7
honeycrisp,7
rippl,7
lunch,7
previous,7
crush_gravel,7
donut,7
caress,7
manner,7
complet_pictur,7
teas,7
pound,7
murki,7
ode,7
blush,7
babi_powder,7
rogu_valley,7
tend,7
high_level,7
none,7
resembl,7
imprint,7
nimbl,7
concord,7
aãâ§aãâ­,7
mountaingrown,7
cocoa_dust,7
crystal,7
ownroot,7
smash_boysenberri,7
roast_tomato,7
unfurl,7
copious,7
smoother,7
biodynam_vineyard,7
gamey,7
yellowish,7
risotto,7
collin,7
breakfast,7
cast,7
nori_wrap,7
fist,7
crãâ¨me_de,7
aris_sip,7
eucalyptus_leaf,7
lighter_shade,7
crispi,7
sarsaparilla,7
tini_amount,7
interwoven,7
2020_vintag,7
burn_rubber,7
trick,7
damson_plum,7
jerki,7
high_regard,7
legendari,7
rein,7
chai,7
pluck,7
ciel,7
cheval,7
ember,7
tast_twice,7
richer_style,7
boysenberri_pie,7
long_life,7
superconcentr,7
highelev_site,7
could_use,7
violet_petal,7
ahead,7
7030,7
drink_window,7
seven,7
wisteria,7
steve,7
asian,7
first_plant,7
pitch,7
vineyard_eastern,7
fur,7
apt,7
sourc_singl,7
almost_ruddi,7
brightfruit,7
newoak,7
scale,7
grenach_16,7
center_focus,7
peach_cobbler,7
lemon_gelato,7
akin,7
bakedappl,7
meal,7
friski,7
supersmooth,7
oldest_vine,7
smaller,7
dot,7
bargain,7
wake,7
bruis_appl,7
broader,7
send,7
extend_medium,7
shop,7
58,7
95,7
certifi_organ,7
get_better,7
cork,7
franciacorta,7
chardonnay_15,7
creep,7
smatter,7
small_bubbl,7
visual,7
amber_glass,7
fish,7
foami_bubbl,7
continu_onto,7
raw_almond,7
copper_color,7
spring_flower,7
confectionari,7
colombard,7
blend_62,7
readytodrink,7
seven_month,7
keep_interest,7
78,7
meyer,7
pumpkin,7
summeri,7
â,7
posh,7
cracker,7
spanish_broom,7
61,7
sear_steak,7
appropri_tannic,7
beet,7
lay,7
carnero,7
oliv_past,7
pie_fill,7
high_altitud,7
blockdesign,7
seat,7
hard_resist,7
featheri,7
growth,7
great_futur,7
saintãmilion,7
aã§aã­,7
stalk,7
hibiscus_cranberri,7
momentum,7
carmenã¨r,7
2027,7
grenadin,7
carmã©nã¨r,7
candlewax,7
town,7
adam,7
spectacular,7
tramin,7
bandaid,7
32_grenach,7
riesl_gewã¼rztramin,7
greco,7
blend_66,7
rhã´nestyl,7
nestea_ice,7
shape_entic,7
myrtl,7
overtaken,7
dionysus,7
famiglia,7
mediterranean,7
feather,7
acacia_flower,7
viura,7
repris,7
win_combin,7
smash_cranberri,7
turn_loam,7
100_stainless,7
tejo,7
trail_toward,7
beg,7
desicc,7
wahluk,7
brandysoak,7
couli,7
garden_herb,7
assert_rather,7
notch,7
wiri,7
delv,7
blend_48,7
scorch_soil,7
matur_partial,7
tread,7
lith_polish,7
soak_spirit,7
taut_refin,7
set_backbon,7
stay_background,7
weedi_underbrush,7
iri_mingl,7
almost_weightless,7
prune_steep,7
assert_closegrain,7
tannin_clench,7
teroldego,7
rosso,7
quieter,7
blackcherrycolor,7
nice_knit,7
sheath,7
madeira,7
deep_redviolet,7
allstainless,7
littl_air,7
attain,7
mediumdri,7
noth_away,7
pearfruit,7
pithi_phenol,7
green_confer,7
wet_pebbl,7
dandelion_blossom,7
brunello,7
stone_lagar,7
trajadura,7
typic_douro,7
cã³dega,7
late_2020,7
crush_dandelion,7
gentl_spritz,7
cloud,7
moreish,7
saar,7
los_alamo,6
burgundian,6
chapel,6
await,6
roman,6
held_togeth,6
saintamour,6
69,6
without_sulfur,6
sum,6
outdoor,6
basi,6
ebulli,6
separ,6
slope_mont,6
60yearold_vine,6
estat_oldest,6
two_parcel,6
belong,6
80yearold,6
need_month,6
exposur,6
extra_year,6
uncrack_peppercorn,6
muddi,6
fallen,6
deserv_age,6
spade,6
water_lili,6
de_provenc,6
getgo,6
versatil_food,6
outgo,6
reveal_themselv,6
onioni,6
dog,6
oldest_vineyard,6
detract,6
illumin,6
absorb,6
matchstick_flint,6
dash_salt,6
vigor_swirl,6
graham,6
besid,6
nz,6
attribut,6
billow,6
lit,6
tisan,6
without_lose,6
born,6
underlay,6
wet_riverston,6
goodvalu,6
lemonrind,6
landscap,6
brew,6
nasturtium,6
dewi_grass,6
prickl,6
squash,6
mediumplus_bodi,6
greener,6
oliv_oil,6
premier,6
grapefruitpeel,6
maritim,6
stronger,6
pistachio,6
boom,6
variet_correct,6
ask,6
charmer,6
chris,6
meadow,6
bat,6
sail,6
reliabl_bottl,6
decept,6
perenni,6
gravenstein,6
mountain_site,6
springtim,6
disappoint,6
identifi,6
undersid,6
sulfit_ad,6
vast,6
contact,6
unveil,6
claim,6
proprietor,6
flourish,6
cradl,6
supremaci,6
thorough,6
encount,6
french_toast,6
memori,6
respect,6
plenti_appreci,6
distinguish,6
henc,6
honeysuckl_gardenia,6
clarifi,6
fuller_bodi,6
ryan,6
peachskin,6
burnt_caramel,6
peer,6
figgi,6
threequart,6
antoin,6
amber,6
tonic_water,6
goldhu,6
leader,6
languid,6
held_upright,6
odd_mix,6
reservelevel,6
sur,6
faintest,6
small_batch,6
thus,6
amp,6
botryti,6
fring,6
lightgold,6
pluot,6
grab_hold,6
marigold,6
goldenhu,6
bulki,6
enjoy_soon,6
fabul,6
taper,6
decent_tension,6
artist,6
peach_fuzz,6
spun,6
vine_grown,6
boundari,6
prove_quit,6
wheat,6
grab,6
pizza,6
bianca,6
remot,6
bitter_walnut,6
buttercup,6
sound,6
dial,6
prevail,6
elderberri_jam,6
northern_rhãâ´ne,6
even_better,6
blacken,6
sourdough_bread,6
satin,6
button,6
newli,6
smokedmeat,6
talk,6
mysteri,6
coars_chalki,6
intric_layer,6
older_vine,6
wholeclust_ferment,6
lighter_side,6
longag,6
smolder,6
ach,6
crumpl_lavend,6
somehow,6
acet,6
moist_earth,6
lock,6
anis_seed,6
crumpl_flower,6
au,6
talent,6
tacki,6
lava_rock,6
hillsid_brush,6
cough,6
complic,6
construct,6
multilay,6
rootbeer,6
hat,6
site_plant,6
evoc,6
biodynam_farm,6
erupt,6
profus,6
hermitag,6
contour,6
grind,6
undertow,6
oak_grain,6
announc_themselv,6
heaven,6
bigbon,6
esteem_vineyard,6
plenti_savor,6
eleph,6
wellripen,6
shred,6
pastri_dough,6
fullerbodi_chardonnay,6
onc_doe,6
multifacet,6
quinc_past,6
classic_willamett,6
us,6
lemonlim_sorbet,6
mediumyellow,6
candl_wax,6
everywher,6
adig,6
histori,6
allnew,6
toast_baguett,6
blanch,6
fullfigur,6
english,6
preview,6
team,6
porcini,6
milki,6
befor_disgorg,6
cider,6
76,6
spanish,6
pet,6
nat,6
salmonpink,6
86,6
autolyt,6
chrysanthemum,6
seven_year,6
southeast,6
greengag,6
simpl_wellmad,6
perlag_accompani,6
flora,6
mesquit_smoke,6
almond_toffe,6
fine_bead,6
pastri_shell,6
radiant_sparkler,6
wrought,6
nervous,6
disjoint,6
pinkish,6
sharpen,6
spain,6
dole,6
receiv,6
blend_79,6
art,6
bourbon_barrel,6
lavendersc,6
classicstyl,6
bode,6
reviv,6
purchas,6
bayleaf,6
even_five,6
quaffer,6
hold_court,6
hit_right,6
maipo,6
bittersweet_cocoa,6
blanket_finegrain,6
winter,6
northwest,6
laserfocus,6
tomato_past,6
coil,6
bordeauxstyl,6
cobbler,6
margaux,6
mediev,6
fruitflavor,6
excess,6
rothschild,6
dirt,6
pliabl,6
brick_dust,6
30_month,6
struggl,6
inspir,6
dordogn,6
assyrtiko,6
eclect,6
loin,6
loeil,6
terribl,6
categori,6
arrufiac,6
bacchus,6
three_grape,6
smaller_amount,6
protect,6
lisbon,6
honeycomb_wax,6
steal,6
redwood_forest,6
porcini_mushroom,6
earthi_petrichor,6
rooibo,6
gravel_soil,6
various,6
cherryhu,6
condit,6
lingonberri,6
dank_herb,6
stoni_qualiti,6
dunde,6
specialti,6
leather_pipe,6
vat,6
cruz,6
montalcino,6
center_stage,6
weinbau,6
latereleas,6
oldvin_merlot,6
tomato_sauc,6
drink_sooner,6
vinifi_entir,6
dragon,6
raspberryjam,6
paraj,6
vigouroux,6
stout,6
new_american,6
annual,6
comic,6
sawdust,6
grenachedomin,6
northeast,6
cã´tes_du,6
saddl,6
tast_earli,6
almost_ether,6
drink_2024â2030,6
molten,6
soul,6
warmth_alcohol,6
drink_2022â2029,6
tan_leather,6
cedar_chest,6
cherryr,6
pg,6
dioxid,6
radish,6
hover_abov,6
yellowpear,6
stream_glass,6
electr_pink,6
fieldblend,6
heart_douro,6
douro_valley,6
symington,6
caladoc,6
minho,6
font,6
cal,6
cerceal,6
tight_coil,6
riper_notion,6
crush_boxwood,6
yeast_miso,6
ice_tea,6
deep_garnetcolor,6
saintevictoir,6
bandol,6
volcano,5
emperor,5
esteem,5
limitededit,5
lightheart,5
northernmost,5
welljudg,5
hospic,5
fanci,5
georg,5
madon,5
undergrowth,5
musti,5
ownership,5
begun,5
jar,5
meter,5
free,5
culmin,5
tie,5
tile,5
statement,5
stillfirm,5
activ,5
centuryold,5
sauv,5
click,5
leap,5
either,5
option,5
makrut,5
cementlik,5
repeat,5
leyda,5
ensconc,5
flavorsom,5
jalapeno,5
angel,5
skinfer,5
welltextur,5
savvi,5
felin,5
rout,5
cilantro,5
gin,5
mow,5
premium,5
liquifi,5
lowkey,5
co2,5
beam,5
maria,5
nougat,5
bellpepp,5
fool,5
snow,5
handl,5
brightest,5
sweettast,5
certifiedorgan,5
creamier,5
yellowgold,5
glimmer,5
pot,5
felt,5
assort,5
austrian,5
limepith,5
son,5
honeydewmelon,5
gascon,5
asid,5
daphn,5
fight,5
slather,5
diego,5
nestl,5
woodchar,5
plate,5
percept,5
elong,5
apple,5
liquid,5
pinpoint,5
paint,5
balm,5
justpick,5
creamyfeel,5
unwind,5
proven,5
oolong,5
tint,5
silktextur,5
terra,5
floweri,5
debut,5
avoid,5
flabbi,5
overweight,5
picpoul,5
peopl,5
malolact,5
confectioneri,5
player,5
bad,5
everyon,5
talcum,5
transform,5
aspirin,5
highacid,5
fruitpow,5
spark,5
2014,5
stale,5
effortless,5
subsequ,5
shoe,5
bruiser,5
coal,5
encompass,5
sausag,5
piec,5
crimson,5
portstyl,5
approv,5
liter,5
york,5
albeit,5
boozi,5
laid,5
pipe,5
crab,5
peppercrust,5
rais,5
afternoon,5
freshbrew,5
brewer,5
speckl,5
fullbor,5
lait,5
pasti,5
wintergreen,5
fork,5
anniversari,5
involv,5
clonal,5
younger,5
enthusiast,5
rapid,5
darkr,5
coffeebean,5
thicker,5
fourbarrel,5
reput,5
watermil,5
mesmer,5
mistak,5
john,5
mclaren,5
saintjoseph,5
barrelspic,5
rip,5
brownsugar,5
nail,5
sommelierturnedwinemak,5
skill,5
ironrich,5
crã¨me,5
eureka,5
maturetast,5
candl,5
servic,5
mouthpuck,5
wellknown,5
greek,5
european,5
justic,5
itali,5
bangforthebuck,5
soup,5
lilt,5
dosag,5
crackl,5
otago,5
briefli,5
forag,5
perceiv,5
chew,5
park,5
glori,5
bottl_histor,5
51,5
freshshuck,5
palepink,5
justbak,5
decid,5
slant,5
sliver,5
morph,5
turmer,5
pin,5
sekt,5
6040,5
march,5
moscato,5
mcintosh,5
finebead,5
piquett,5
thirst,5
chardonnaybas,5
rosato,5
penni,5
59,5
noirbas,5
riverland,5
husk,5
fri,5
intellectu,5
care,5
muscadell,5
defi,5
glera,5
strain,5
bee,5
jonagold,5
seal,5
shear,5
muscadet,5
pinkhu,5
money,5
oneofakind,5
extraordinari,5
duski,5
stuf,5
88,5
pedigre,5
edit,5
easytodrink,5
revit,5
bbq,5
foil,5
offput,5
port,5
twirl,5
lesser,5
creosot,5
reinforc,5
cigarbox,5
laurel,5
stud,5
pomerol,5
mã©doc,5
beetroot,5
63,5
blay,5
bing,5
upward,5
alluvi,5
wineâa,5
order,5
dineen,5
taken,5
suffus,5
hudson,5
tocai,5
camaralet,5
liquor,5
quaf,5
tokaji,5
holli,5
silvan,5
kerner,5
56,5
altern,5
cheer,5
merest,5
tinyproduct,5
cafã©,5
onequart,5
instant,5
tango,5
awkward,5
aka,5
cherryvanilla,5
curios,5
sansho,5
foliag,5
cone,5
caus,5
shiitak,5
unravel,5
grey,5
ribbon,5
gob,5
counterbal,5
chacay,5
jarilla,5
meander,5
aã§ai,5
paul,5
hobb,5
joint,5
blaze,5
calibr,5
scope,5
oldschool,5
cinsault_counois,5
reverber,5
deeprubi,5
25_mourvã¨dr,5
sonor,5
sunripen,5
marvel,5
mga,5
spill,5
regal,5
rose_forest,5
denomin,5
2023â2032,5
darkrubi,5
chianti,5
nã©grett,5
umpqua,5
slati,5
redcheek,5
chief,5
seren,5
hayflow,5
fullfruit,5
oblig,5
ripest,5
baga,5
josã©,5
